Train\patchy roads\patchy (1).jfif,1
Train\patchy roads\patchy (1).jpeg,1
Train\patchy roads\patchy (1).jpg,1
Train\patchy roads\patchy (1).webp,1
Train\patchy roads\patchy (10).jpg,1
Train\patchy roads\patchy (11).jpg,1
Train\patchy roads\patchy (12).jpg,1
Train\patchy roads\patchy (13).jpg,1
Train\patchy roads\patchy (14).jpg,1
Train\patchy roads\patchy (15).jpg,1
Train\patchy roads\patchy (16).jpg,1
Train\patchy roads\patchy (17).jpg,1
Train\patchy roads\patchy (18).jpg,1
Train\patchy roads\patchy (19).jpg,1
Train\patchy roads\patchy (2).jfif,1
Train\patchy roads\patchy (2).jpeg,1
Train\patchy roads\patchy (2).jpg,1
Train\patchy roads\patchy (20).jpg,1
Train\patchy roads\patchy (21).jpg,1
Train\patchy roads\patchy (22).jpg,1
Train\patchy roads\patchy (23).jpg,1
Train\patchy roads\patchy (24).jpg,1
Train\patchy roads\patchy (25).jpg,1
Train\patchy roads\patchy (26).jpg,1
Train\patchy roads\patchy (27).jpg,1
Train\patchy roads\patchy (28).jpg,1
Train\patchy roads\patchy (29).jpg,1
Train\patchy roads\patchy (3).jpg,1
Train\patchy roads\patchy (30).jpg,1
Train\patchy roads\patchy (31).jpg,1
Train\patchy roads\patchy (32).jpg,1
Train\patchy roads\patchy (33).jpg,1
Train\patchy roads\patchy (34).jpg,1
Train\patchy roads\patchy (35).jpg,1
Train\patchy roads\patchy (36).jpg,1
Train\patchy roads\patchy (37).jpg,1
Train\patchy roads\patchy (38).jpg,1
Train\patchy roads\patchy (39).jpg,1
Train\patchy roads\patchy (4).jpg,1
Train\patchy roads\patchy (40).jpg,1
Train\patchy roads\patchy (41).jpg,1
Train\patchy roads\patchy (42).jpg,1
Train\patchy roads\patchy (43).jpg,1
Train\patchy roads\patchy (44).jpg,1
Train\patchy roads\patchy (45).jpg,1
Train\patchy roads\patchy (46).jpg,1
Train\patchy roads\patchy (47).jpg,1
Train\patchy roads\patchy (48).jpg,1
Train\patchy roads\patchy (49).jpg,1
Train\patchy roads\patchy (5).jpg,1
Train\patchy roads\patchy (50).jpg,1
Train\patchy roads\patchy (51).jpg,1
Train\patchy roads\patchy (52).jpg,1
Train\patchy roads\patchy (53).jpg,1
Train\patchy roads\patchy (54).jpg,1
Train\patchy roads\patchy (55).jpg,1
Train\patchy roads\patchy (56).jpg,1
Train\patchy roads\patchy (57).jpg,1
Train\patchy roads\patchy (58).jpg,1
Train\patchy roads\patchy (59).jpg,1
Train\patchy roads\patchy (6).jpg,1
Train\patchy roads\patchy (60).jpg,1
Train\patchy roads\patchy (61).jpg,1
Train\patchy roads\patchy (62).jpg,1
Train\patchy roads\patchy (63).jpg,1
Train\patchy roads\patchy (64).jpg,1
Train\patchy roads\patchy (65).jpg,1
Train\patchy roads\patchy (66).jpg,1
Train\patchy roads\patchy (67).jpg,1
Train\patchy roads\patchy (68).jpg,1
Train\patchy roads\patchy (69).jpg,1
Train\patchy roads\patchy (7).jpg,1
Train\patchy roads\patchy (70).jpg,1
Train\patchy roads\patchy (71).jpg,1
Train\patchy roads\patchy (72).jpg,1
Train\patchy roads\patchy (73).jpg,1
Train\patchy roads\patchy (74).jpg,1
Train\patchy roads\patchy (75).jpg,1
Train\patchy roads\patchy (76).jpg,1
Train\patchy roads\patchy (77).jpg,1
Train\patchy roads\patchy (78).jpg,1
Train\patchy roads\patchy (79).jpg,1
Train\patchy roads\patchy (8).jpg,1
Train\patchy roads\patchy (80).jpg,1
Train\patchy roads\patchy (81).jpg,1
Train\patchy roads\patchy (82).jpg,1
Train\patchy roads\patchy (83).jpg,1
Train\patchy roads\patchy (84).jpg,1
Train\patchy roads\patchy (85).jpg,1
Train\patchy roads\patchy (86).jpg,1
Train\patchy roads\patchy (87).jpg,1
Train\patchy roads\patchy (88).jpg,1
Train\patchy roads\patchy (89).jpg,1
Train\patchy roads\patchy (9).jpg,1
Train\patchy roads\patchy (90).jpg,1
Train\patchy roads\patchy (91).jpg,1
Train\patchy roads\patchy (92).jpg,1
Train\overflowing garbage\garbage (1).jpeg,2
Train\overflowing garbage\garbage (1).jpg,2
Train\overflowing garbage\garbage (10).jpeg,2
Train\overflowing garbage\garbage (100).jpg,2
Train\overflowing garbage\garbage (101).jpg,2
Train\overflowing garbage\garbage (102).jpg,2
Train\overflowing garbage\garbage (103).jpg,2
Train\overflowing garbage\garbage (104).jpg,2
Train\overflowing garbage\garbage (105).jpg,2
Train\overflowing garbage\garbage (107).jpg,2
Train\overflowing garbage\garbage (108).jpg,2
Train\overflowing garbage\garbage (109).jpg,2
Train\overflowing garbage\garbage (11).jpeg,2
Train\overflowing garbage\garbage (110).jpg,2
Train\overflowing garbage\garbage (111).jpg,2
Train\overflowing garbage\garbage (113).jpg,2
Train\overflowing garbage\garbage (114).jpg,2
Train\overflowing garbage\garbage (115).jpg,2
Train\overflowing garbage\garbage (116).jpg,2
Train\overflowing garbage\garbage (117).jpg,2
Train\overflowing garbage\garbage (118).jpg,2
Train\overflowing garbage\garbage (119).jpg,2
Train\overflowing garbage\garbage (12).jpeg,2
Train\overflowing garbage\garbage (120).jpg,2
Train\overflowing garbage\garbage (121).jpg,2
Train\overflowing garbage\garbage (122).jpg,2
Train\overflowing garbage\garbage (123).jpg,2
Train\overflowing garbage\garbage (124).jpg,2
Train\overflowing garbage\garbage (125).jpg,2
Train\overflowing garbage\garbage (126).jpg,2
Train\overflowing garbage\garbage (13).jpeg,2
Train\overflowing garbage\garbage (13).jpg,2
Train\overflowing garbage\garbage (15).jpg,2
Train\overflowing garbage\garbage (16).jpg,2
Train\overflowing garbage\garbage (17).jpg,2
Train\overflowing garbage\garbage (18).jpg,2
Train\overflowing garbage\garbage (20).jpg,2
Train\overflowing garbage\garbage (3).jpeg,2
Train\overflowing garbage\garbage (34).jpg,2
Train\overflowing garbage\garbage (4).jpg,2
Train\overflowing garbage\garbage (46).jpg,2
Train\overflowing garbage\garbage (5).jpg,2
Train\overflowing garbage\garbage (52).jpg,2
Train\overflowing garbage\garbage (56).jpg,2
Train\overflowing garbage\garbage (6).jpeg,2
Train\overflowing garbage\garbage (60).jpg,2
Train\overflowing garbage\garbage (61).jpg,2
Train\overflowing garbage\garbage (63).jpg,2
Train\overflowing garbage\garbage (64).jpg,2
Train\overflowing garbage\garbage (65).jpg,2
Train\overflowing garbage\garbage (68).jpg,2
Train\overflowing garbage\garbage (7).jpeg,2
Train\overflowing garbage\garbage (7).jpg,2
Train\overflowing garbage\garbage (70).jpg,2
Train\overflowing garbage\garbage (74).jpg,2
Train\overflowing garbage\garbage (76).jpg,2
Train\overflowing garbage\garbage (77).jpg,2
Train\overflowing garbage\garbage (78).jpg,2
Train\overflowing garbage\garbage (79).jpg,2
Train\overflowing garbage\garbage (8).jpg,2
Train\overflowing garbage\garbage (80).jpg,2
Train\overflowing garbage\garbage (81).jpg,2
Train\overflowing garbage\garbage (82).jpg,2
Train\overflowing garbage\garbage (83).jpg,2
Train\overflowing garbage\garbage (84).jpg,2
Train\overflowing garbage\garbage (85).jpg,2
Train\overflowing garbage\garbage (86).jpg,2
Train\overflowing garbage\garbage (87).jpg,2
Train\overflowing garbage\garbage (88).jpg,2
Train\overflowing garbage\garbage (89).jpg,2
Train\overflowing garbage\garbage (90).jpg,2
Train\overflowing garbage\garbage (91).jpg,2
Train\overflowing garbage\garbage (92).jpg,2
Train\overflowing garbage\garbage (93).jpg,2
Train\overflowing garbage\garbage (94).jpg,2
Train\overflowing garbage\garbage (95).jpg,2
Train\overflowing garbage\garbage (96).jpg,2
Train\overflowing garbage\garbage (97).jpg,2
Train\overflowing garbage\garbage (98).jpg,2
Train\overflowing garbage\garbage (99).jpg,2
Train\open manholes\manholes (1).jpeg,3
Train\open manholes\manholes (1).jpg,3
Train\open manholes\manholes (10).jpg,3
Train\open manholes\manholes (11).jpg,3
Train\open manholes\manholes (12).jpg,3
Train\open manholes\manholes (13).jpg,3
Train\open manholes\manholes (14).jpg,3
Train\open manholes\manholes (15).jpg,3
Train\open manholes\manholes (16).jpg,3
Train\open manholes\manholes (17).jpg,3
Train\open manholes\manholes (18).jpg,3
Train\open manholes\manholes (19).jpg,3
Train\open manholes\manholes (2).jpeg,3
Train\open manholes\manholes (2).jpg,3
Train\open manholes\manholes (20).jpg,3
Train\open manholes\manholes (21).jpg,3
Train\open manholes\manholes (22).jpg,3
Train\open manholes\manholes (23).jpg,3
Train\open manholes\manholes (24).jpg,3
Train\open manholes\manholes (25).jpg,3
Train\open manholes\manholes (26).jpg,3
Train\open manholes\manholes (27).jpg,3
Train\open manholes\manholes (28).jpg,3
Train\open manholes\manholes (29).jpg,3
Train\open manholes\manholes (3).jpeg,3
Train\open manholes\manholes (3).jpg,3
Train\open manholes\manholes (30).jpg,3
Train\open manholes\manholes (31).jpg,3
Train\open manholes\manholes (32).jpg,3
Train\open manholes\manholes (33).jpg,3
Train\open manholes\manholes (34).jpg,3
Train\open manholes\manholes (35).jpg,3
Train\open manholes\manholes (36).jpg,3
Train\open manholes\manholes (37).jpg,3
Train\open manholes\manholes (38).jpg,3
Train\open manholes\manholes (39).jpg,3
Train\open manholes\manholes (4).jpeg,3
Train\open manholes\manholes (4).jpg,3
Train\open manholes\manholes (40).jpg,3
Train\open manholes\manholes (41).jpg,3
Train\open manholes\manholes (42).jpg,3
Train\open manholes\manholes (43).jpg,3
Train\open manholes\manholes (44).jpg,3
Train\open manholes\manholes (45).jpg,3
Train\open manholes\manholes (46).jpg,3
Train\open manholes\manholes (47).jpg,3
Train\open manholes\manholes (48).jpg,3
Train\open manholes\manholes (49).jpg,3
Train\open manholes\manholes (5).jpeg,3
Train\open manholes\manholes (5).jpg,3
Train\open manholes\manholes (50).jpg,3
Train\open manholes\manholes (51).jpg,3
Train\open manholes\manholes (52).jpg,3
Train\open manholes\manholes (53).jpg,3
Train\open manholes\manholes (54).jpg,3
Train\open manholes\manholes (55).jpg,3
Train\open manholes\manholes (56).jpg,3
Train\open manholes\manholes (57).jpg,3
Train\open manholes\manholes (58).jpg,3
Train\open manholes\manholes (59).jpg,3
Train\open manholes\manholes (6).jpeg,3
Train\open manholes\manholes (6).jpg,3
Train\open manholes\manholes (60).jpg,3
Train\open manholes\manholes (61).jpg,3
Train\open manholes\manholes (62).jpg,3
Train\open manholes\manholes (63).jpg,3
Train\open manholes\manholes (64).jpg,3
Train\open manholes\manholes (65).jpg,3
Train\open manholes\manholes (66).jpg,3
Train\open manholes\manholes (67).jpg,3
Train\open manholes\manholes (68).jpg,3
Train\open manholes\manholes (69).jpg,3
Train\open manholes\manholes (7).jpg,3
Train\open manholes\manholes (70).jpg,3
Train\open manholes\manholes (71).jpg,3
Train\open manholes\manholes (72).jpg,3
Train\open manholes\manholes (73).jpg,3
Train\open manholes\manholes (74).jpg,3
Train\open manholes\manholes (8).jpg,3
Train\open manholes\manholes (9).jpg,3
Train\proper_manholes\proper_manholes (16).jpg,4
Train\proper_manholes\proper_manholes (17).jpg,4
Train\proper_manholes\proper_manholes (18).jpg,4
Train\proper_manholes\proper_manholes (19).jpg,4
Train\proper_manholes\proper_manholes (20).jpg,4
Train\proper_manholes\proper_manholes (21).jpg,4
Train\proper_manholes\proper_manholes (22).jpg,4
Train\proper_manholes\proper_manholes (23).jpg,4
Train\proper_manholes\proper_manholes (24).jpg,4
Train\proper_manholes\proper_manholes (25).jpg,4
Train\proper_manholes\proper_manholes (26).jpg,4
Train\proper_manholes\proper_manholes (27).jpg,4
Train\proper_manholes\proper_manholes (28).jpg,4
Train\proper_manholes\proper_manholes (29).jpg,4
Train\proper_manholes\proper_manholes (30).jpg,4
Train\proper_manholes\proper_manholes (31).jpg,4
Train\proper_manholes\proper_manholes (32).jpg,4
Train\proper_manholes\proper_manholes (33).jpg,4
Train\proper_manholes\proper_manholes (34).jpg,4
Train\proper_manholes\proper_manholes (35).jpg,4
Train\proper_manholes\proper_manholes (36).jpg,4
Train\proper_manholes\proper_manholes (37).jpg,4
Train\proper_manholes\proper_manholes (38).jpg,4
Train\proper_manholes\proper_manholes (39).jpg,4
Train\proper_manholes\proper_manholes (40).jpg,4
Train\proper_manholes\proper_manholes (41).jpg,4
Train\proper_manholes\proper_manholes (42).jpg,4
Train\proper_manholes\proper_manholes (43).jpg,4
Train\proper_manholes\proper_manholes (44).jpg,4
Train\proper_manholes\proper_manholes (45).jpg,4
Train\proper_manholes\proper_manholes (46).jpg,4
Train\proper_manholes\proper_manholes (47).jpg,4
Train\proper_manholes\proper_manholes (48).jpg,4
Train\proper_manholes\proper_manholes (49).jpg,4
Train\proper_manholes\proper_manholes (50).jpg,4
Train\proper_manholes\proper_manholes (51).jpg,4
Train\proper_manholes\proper_manholes (52).jpg,4
Train\proper_manholes\proper_manholes (53).jpg,4
Train\proper_manholes\proper_manholes (54).jpg,4
Train\proper_manholes\proper_manholes (55).jpg,4
Train\proper_manholes\proper_manholes (56).jpg,4
Train\proper_manholes\proper_manholes (57).jpg,4
Train\proper_manholes\proper_manholes (58).jpg,4
Train\proper_manholes\proper_manholes (59).jpg,4
Train\proper_manholes\proper_manholes (60).jpg,4
Train\proper_manholes\proper_manholes (61).jpg,4
Train\proper_manholes\proper_manholes (62).jpg,4
Train\proper_manholes\proper_manholes (63).jpg,4
Train\proper_manholes\proper_manholes (64).jpg,4
Train\proper_manholes\proper_manholes (65).jpg,4
Train\proper_manholes\proper_manholes (66).jpg,4
Train\proper_manholes\proper_manholes (67).jpg,4
Train\proper_manholes\proper_manholes (68).jpg,4
Train\proper_manholes\proper_manholes (69).jpg,4
Train\proper_manholes\proper_manholes (70).jpg,4
Train\proper_manholes\proper_manholes (71).jpg,4
Train\proper_manholes\proper_manholes (72).jpg,4
Train\proper_manholes\proper_manholes (73).jpg,4
Train\proper_manholes\proper_manholes (74).jpg,4
Train\proper_manholes\proper_manholes (75).jpg,4
Train\proper_manholes\proper_manholes (76).jpg,4
Train\proper_manholes\proper_manholes (77).jpg,4
Train\proper_manholes\proper_manholes (78).jpg,4
Train\proper_manholes\proper_manholes (79).jpg,4
Train\proper_manholes\proper_manholes (80).jpg,4
Train\proper_manholes\proper_manholes (81).jpg,4
Train\proper_manholes\proper_manholes (82).jpg,4
Train\proper_manholes\proper_manholes (83).jpg,4
Train\proper_manholes\proper_manholes (84).jpg,4
Train\proper_manholes\proper_manholes (85).jpg,4
Train\proper_manholes\proper_manholes (86).jpg,4
Train\proper_manholes\proper_manholes (87).jpg,4
Train\proper_manholes\proper_manholes (88).jpg,4
Train\proper_manholes\proper_manholes (89).jpg,4
Train\proper_manholes\proper_manholes (90).jpg,4
Train\proper_manholes\proper_manholes (91).jpg,4
Train\proper_manholes\proper_manholes (92).jpg,4
Train\proper_manholes\proper_manholes (93).jpg,4
Train\proper_manholes\proper_manholes (94).jpg,4
Train\proper_manholes\proper_manholes (95).jpg,4
Train\Proper roads\proper_roads (10).jpg,5
Train\Proper roads\proper_roads (11).jpg,5
Train\Proper roads\proper_roads (12).jpg,5
Train\Proper roads\proper_roads (13).jpg,5
Train\Proper roads\proper_roads (14).jpg,5
Train\Proper roads\proper_roads (15).jpg,5
Train\Proper roads\proper_roads (16).jpg,5
Train\Proper roads\proper_roads (17).jpg,5
Train\Proper roads\proper_roads (18).jpg,5
Train\Proper roads\proper_roads (19).jpg,5
Train\Proper roads\proper_roads (20).jpg,5
Train\Proper roads\proper_roads (21).jpg,5
Train\Proper roads\proper_roads (22).jpg,5
Train\Proper roads\proper_roads (23).jpg,5
Train\Proper roads\proper_roads (24).jpg,5
Train\Proper roads\proper_roads (25).jpg,5
Train\Proper roads\proper_roads (26).jpg,5
Train\Proper roads\proper_roads (27).jpg,5
Train\Proper roads\proper_roads (28).jpg,5
Train\Proper roads\proper_roads (29).jpg,5
Train\Proper roads\proper_roads (30).jpg,5
Train\Proper roads\proper_roads (31).jpg,5
Train\Proper roads\proper_roads (32).jpg,5
Train\Proper roads\proper_roads (33).jpg,5
Train\Proper roads\proper_roads (34).jpg,5
Train\Proper roads\proper_roads (35).jpg,5
Train\Proper roads\proper_roads (36).jpg,5
Train\Proper roads\proper_roads (37).jpg,5
Train\Proper roads\proper_roads (38).jpg,5
Train\Proper roads\proper_roads (39).jpg,5
Train\Proper roads\proper_roads (40).jpg,5
Train\Proper roads\proper_roads (41).jpg,5
Train\Proper roads\proper_roads (42).jpg,5
Train\Proper roads\proper_roads (43).jpg,5
Train\Proper roads\proper_roads (44).jpg,5
Train\Proper roads\proper_roads (45).jpg,5
Train\Proper roads\proper_roads (46).jpg,5
Train\Proper roads\proper_roads (47).jpg,5
Train\Proper roads\proper_roads (48).jpg,5
Train\Proper roads\proper_roads (49).jpg,5
Train\Proper roads\proper_roads (5).jpg,5
Train\Proper roads\proper_roads (50).jpg,5
Train\Proper roads\proper_roads (51).jpg,5
Train\Proper roads\proper_roads (52).jpg,5
Train\Proper roads\proper_roads (53).jpg,5
Train\Proper roads\proper_roads (54).jpg,5
Train\Proper roads\proper_roads (55).jpg,5
Train\Proper roads\proper_roads (56).jpg,5
Train\Proper roads\proper_roads (57).jpg,5
Train\Proper roads\proper_roads (58).jpg,5
Train\Proper roads\proper_roads (6).jpg,5
Train\Proper roads\proper_roads (7).jpg,5
Train\Proper roads\proper_roads (8).jpg,5
Train\Proper roads\proper_roads (9).jpg,5
Train\proper_dustbin\proper_dustbins (10).jpg,6
Train\proper_dustbin\proper_dustbins (11).jpg,6
Train\proper_dustbin\proper_dustbins (12).jpg,6
Train\proper_dustbin\proper_dustbins (13).jpg,6
Train\proper_dustbin\proper_dustbins (14).jpg,6
Train\proper_dustbin\proper_dustbins (15).jpg,6
Train\proper_dustbin\proper_dustbins (16).jpg,6
Train\proper_dustbin\proper_dustbins (17).jpg,6
Train\proper_dustbin\proper_dustbins (18).jpg,6
Train\proper_dustbin\proper_dustbins (19).jpg,6
Train\proper_dustbin\proper_dustbins (20).jpg,6
Train\proper_dustbin\proper_dustbins (21).jpg,6
Train\proper_dustbin\proper_dustbins (22).jpg,6
Train\proper_dustbin\proper_dustbins (23).jpg,6
Train\proper_dustbin\proper_dustbins (24).jpg,6
Train\proper_dustbin\proper_dustbins (25).jpg,6
Train\proper_dustbin\proper_dustbins (26).jpg,6
Train\proper_dustbin\proper_dustbins (27).jpg,6
Train\proper_dustbin\proper_dustbins (28).jpg,6
Train\proper_dustbin\proper_dustbins (29).jpg,6
Train\proper_dustbin\proper_dustbins (30).jpg,6
Train\proper_dustbin\proper_dustbins (31).jpg,6
Train\proper_dustbin\proper_dustbins (32).jpg,6
Train\proper_dustbin\proper_dustbins (33).jpg,6
Train\proper_dustbin\proper_dustbins (34).jpg,6
Train\proper_dustbin\proper_dustbins (35).jpg,6
Train\proper_dustbin\proper_dustbins (36).jpg,6
Train\proper_dustbin\proper_dustbins (37).jpg,6
Train\proper_dustbin\proper_dustbins (38).jpg,6
Train\proper_dustbin\proper_dustbins (39).jpg,6
Train\proper_dustbin\proper_dustbins (40).jpg,6
Train\proper_dustbin\proper_dustbins (41).jpg,6
Train\proper_dustbin\proper_dustbins (42).jpg,6
Train\proper_dustbin\proper_dustbins (43).jpg,6
Train\proper_dustbin\proper_dustbins (44).jpg,6
Train\proper_dustbin\proper_dustbins (45).jpg,6
Train\proper_dustbin\proper_dustbins (46).jpg,6
Train\proper_dustbin\proper_dustbins (47).jpg,6
Train\proper_dustbin\proper_dustbins (48).jpg,6
Train\proper_dustbin\proper_dustbins (49).jpg,6
Train\proper_dustbin\proper_dustbins (50).jpg,6
Train\proper_dustbin\proper_dustbins (51).jpg,6
Train\proper_dustbin\proper_dustbins (52).jpg,6
Train\proper_dustbin\proper_dustbins (53).jpg,6
Train\proper_dustbin\proper_dustbins (54).jpg,6
Train\proper_dustbin\proper_dustbins (55).jpg,6
Train\proper_dustbin\proper_dustbins (56).jpg,6
Train\proper_dustbin\proper_dustbins (57).jpg,6
Train\proper_dustbin\proper_dustbins (58).jpg,6
Train\proper_dustbin\proper_dustbins (59).jpg,6
Train\proper_dustbin\proper_dustbins (6).jpg,6
Train\proper_dustbin\proper_dustbins (60).jpg,6
Train\proper_dustbin\proper_dustbins (61).jpg,6
Train\proper_dustbin\proper_dustbins (62).jpg,6
Train\proper_dustbin\proper_dustbins (63).jpg,6
Train\proper_dustbin\proper_dustbins (64).jpg,6
Train\proper_dustbin\proper_dustbins (65).jpg,6
Train\proper_dustbin\proper_dustbins (66).jpg,6
Train\proper_dustbin\proper_dustbins (67).jpg,6
Train\proper_dustbin\proper_dustbins (68).jpg,6
Train\proper_dustbin\proper_dustbins (69).jpg,6
Train\proper_dustbin\proper_dustbins (7).jpeg,6
Train\proper_dustbin\proper_dustbins (7).jpg,6
Train\proper_dustbin\proper_dustbins (70).jpg,6
Train\proper_dustbin\proper_dustbins (71).jpg,6
Train\proper_dustbin\proper_dustbins (72).jpg,6
Train\proper_dustbin\proper_dustbins (8).jpeg,6
Train\proper_dustbin\proper_dustbins (8).jpg,6
Train\proper_dustbin\proper_dustbins (9).jpg,6
Train\Others\others (10).jpeg,7
Train\Others\others (10).jpg,7
Train\Others\others (11).jpeg,7
Train\Others\others (11).jpg,7
Train\Others\others (12).jpeg,7
Train\Others\others (12).jpg,7
Train\Others\others (13).jpeg,7
Train\Others\others (13).jpg,7
Train\Others\others (14).jpeg,7
Train\Others\others (14).jpg,7
Train\Others\others (15).jpeg,7
Train\Others\others (15).jpg,7
Train\Others\others (16).jpeg,7
Train\Others\others (16).jpg,7
Train\Others\others (17).jpeg,7
Train\Others\others (17).jpg,7
Train\Others\others (18).jpeg,7
Train\Others\others (18).jpg,7
Train\Others\others (19).jpeg,7
Train\Others\others (19).jpg,7
Train\Others\others (20).jpeg,7
Train\Others\others (20).jpg,7
Train\Others\others (21).jpeg,7
Train\Others\others (21).jpg,7
Train\Others\others (22).jpeg,7
Train\Others\others (22).jpg,7
Train\Others\others (23).jpeg,7
Train\Others\others (23).jpg,7
Train\Others\others (24).jpeg,7
Train\Others\others (24).jpg,7
Train\Others\others (25).jpeg,7
Train\Others\others (25).jpg,7
Train\Others\others (26).jpeg,7
Train\Others\others (26).jpg,7
Train\Others\others (27).jpeg,7
Train\Others\others (27).jpg,7
Train\Others\others (28).jpeg,7
Train\Others\others (28).jpg,7
Train\Others\others (29).jpeg,7
Train\Others\others (29).jpg,7
Train\Others\others (30).jpeg,7
Train\Others\others (30).jpg,7
Train\Others\others (31).jpeg,7
Train\Others\others (31).jpg,7
Train\Others\others (32).jpeg,7
Train\Others\others (32).jpg,7
Train\Others\others (33).jpeg,7
Train\Others\others (33).jpg,7
Train\Others\others (34).jpeg,7
Train\Others\others (34).jpg,7
Train\Others\others (35).jpeg,7
Train\Others\others (35).jpg,7
Train\Others\others (36).jpeg,7
Train\Others\others (36).jpg,7
Train\Others\others (37).jpeg,7
Train\Others\others (37).jpg,7
Train\Others\others (38).jpeg,7
Train\Others\others (38).jpg,7
Train\Others\others (39).jpeg,7
Train\Others\others (39).jpg,7
Train\Others\others (47).jpeg,7
Train\Others\others (47).jpg,7
Train\Others\others (48).jpeg,7
Train\Others\others (48).jpg,7
Train\Others\others (49).jpeg,7
Train\Others\others (49).jpg,7
Train\Others\others (50).jpeg,7
Train\Others\others (50).jpg,7